student_id,last_name,first_name,site_id
1,Asis,Atif Sifiso,1
2,Savatier,Jaga,1
3,Wruck,Arnfinn,1
4,Venera Kohut,Jolanka,1
5,Benetton,Lorcan,1
6,Power,Blodwen Eleonora,1
7,Nikol-Kyles,Marinko,1
8,Palladino,Srec'ko,1
9,Hall III,Dixon France,1
10,Blanc Jr.,Tamhas,1
11,Tarpinian,Candi,1
12,Abrahams,Rachna,1
13,Krakowski,Victoria,1
14,McFarland,Jessie Fran,1
15,Weeber,Sophocles,1
16,Vastagh,Leticia,1
17,Hickey,Micaela,1
18,Gottlieb,Iosef,1
19,Konstantinov,Lucianus,1
20,Badcock,Caitlyn,1
21,sharma,jancsi,2
22,tomi pitts jr,marianna,2
23,jeffery,noelle,2
24,suharto,suharto,2
25,rotolo,pridbjorn l,2
26,o'neill,danel,2
27,low,theophile yakubu,2
28,groos,seung m,2
29,carey,line,2
30,baumann,deodat,2
31,tosetti,leontius vlatismil,2
32,vida,regana,2
33,aiken,borghildr,2
34,kunkel,sandeep,2
35,arud,manju,2
36,theofylaktos-steensen,oria,2
37,nejem,mihail,2
38,sitz,jaak,2
39,soler,ignas,2
40,ferdinand dickens,anila rosella,2
41,POINDEXTER,BERTILO,3
42,ZAAL,GEGHARD,3
43,BECKET,SEVERINA,3
44,KERRY,WANDALIN,3
45,JOSEPHS,SALOMO,3
46,SNIEGOWSKI,IMKE,3
47,AGOSTINI JR.,LIAM,3
48,SKALA,ANITA LUCIUS,3
49,TA:HTINEN,SE'BIRE VID,3
50,AGNUSDEI,MATTITYAHU H.,3
51,ALEKSANDROV IV,TIJANA AEDELBEORHT,3
52,ADAM,BEYLKE,3
53,VENTURA,USHA,3
54,ALBU,GOLIATH,3
55,MCNEE,STANIMIR,3
56,MUTTON,PRASAD,3
57,ZIMA,KHALIFA,3
58,RESNIK,RHYDDERCH,3
59,DUNKEL,ERVINS,3
60,ABE ACQUAFREDDA,MARGIT,3
61,Sarkisian,Caelan A.,4
62,Nedbalek,Camilla E.,4
63,Hase,Oyvind U.,4
64,Filep,Eusebios A. O.,4
65,Klaus,Dip Breen J.,4
66,Otieno,Hein B.,4
67,Franco,Shiva J.D.,4
68,Wiegand,Dejen Jyotsna,4
69,Abello',Vaast P.,4
70,Ott,Huri T.,4
71,Kis,Ron N.,4
72,Rijnder,Mayamiko D.,4
73,Hansson Recht,Mickael J.,4
74,Paulis,Varinius B.,4
75,Stablum,Eveline G.,4
76,Sharman,Dipak P.,4
77,Naggia,Harvey P.,4
78,Lindstrom,Vera Z.,4
79,Carey,Nechtan O.,4
80,Bathory,Saewine B.,4
81,Denzil,Christen N,5
82,Sheehy-Heeney,Adalynn Z,5
83,Teke,Yasin J,5
84,Czajkowski,Adwoa J,5
85,Ma'edo'c Bukoski,Claudius Ma'el,5
86,Bates V,Bruno Burto,5
87,O' Tadhgain,Weronika L,5
88,Jollenbeck,Rufaro A,5
89,Nikula,Klahan T,5
90,Fromm,Pravin R,5
91,Mathieson,Tat'ana N,5
92,Novak,Astridr z,5
93,Van de Laar,Baxter V,5
94,Dries,Odell G,5
95,Stainthorpe,Helen J,5
96,Horsfall,Jenny H,5
97,Misra,Flavianus H,5
98,Kendrick,Sostrate,5
99,Nikolov,Omolara Aishwarya V,5
100,Badcock,Caitlin R,5
